desc,type,pmax,pmin,MC,CO2,node_id
Solar in A2,solar,95.32090435300856,0.0,5.686102100485973,0.0,6
Solar in A2,solar,66.0008575411234,0.0,6.91731947085949,0.0,4
Coal in A1,coal,374.530131089479,112.3590393268437,25.470840696312713,1.1192187335650254,7
Coal in A1,coal,291.22595442457236,87.3677863273717,29.668172331975054,1.1154957710128146,8
Solar in A1,solar,60.6655988683741,0.0,7.591003569653316,0.0,6
Oil in A2,oil,142.46854687515062,56.98741875006025,61.225099410026765,0.7390726273094432,3
Coal in A2,coal,223.50637119240662,67.05191135772198,30.347582143082285,0.8528272425380614,4
Coal in A2,coal,313.0842623717018,93.92527871151054,23.66559672428157,0.8579391037373509,3
