generator_id,desc,type,pmax,pmin,MC,CO2,node_id
0,Solar in A2,solar,76.86866147245053,0.0,8.793078121611785,0.0,1
1,Oil in A2,oil,126.45556121046269,50.582224484185076,73.22701068302649,0.7368450996649646,4
2,Oil in A1,oil,132.41410077932142,52.96564031172857,54.49024601551049,0.6666964164754763,0
3,Coal in A2,coal,289.98999798224554,86.99699939467367,32.26126915768265,1.1609394332695937,4
4,Coal in A2,coal,330.6280071595875,99.18840214787626,23.418191702720904,0.94326086678781,9
5,Solar in A2,solar,66.25236145041762,0.0,5.192127132363674,0.0,3
6,Solar in A1,solar,82.63951585027453,0.0,8.17529436801782,0.0,6
7,Solar in A1,solar,62.66458012698911,0.0,7.331553864281531,0.0,4
